change_id,observed_date,effective_date,registry,jurisdiction,kind,entity_name,permalink,source_url
cmuofxbbi00a36vpfyd56avxi,2026-09-30,2026-09-23,ESMA_MICA,EU,added,VS Digital Europe Ltd.,https://takame.io/en/changes/cmuofxbbi00a36vpfyd56avxi,https://www.esma.europa.eu/sites/default/files/2024-12/CASPS.csv
cmuofxbbf00a26vpfeubka634,2026-09-30,2026-09-24,ESMA_MICA,EU,added,VR Bank zwischen den Meeren eG,https://takame.io/en/changes/cmuofxbbf00a26vpfeubka634,https://www.esma.europa.eu/sites/default/files/2024-12/CASPS.csv
cmuofxbb900a16vpffgixcyqf,2026-09-30,2026-03-16,ESMA_MICA,EU,detail,J2TX Ltd,https://takame.io/en/changes/cmuofxbb900a16vpffgixcyqf,https://www.esma.europa.eu/sites/default/files/2024-12/CASPS.csv
cmullb51g04bc3apfrqeg5lpg,2026-09-28,,AMF_FR,FR,removed,WEBULL SECURITIES (EUROPE) B.V.,https://takame.io/en/changes/cmullb51g04bc3apfrqeg5lpg,https://www.data.gouv.fr/datasets/liste-blanche-des-prestataires-de-services-sur-actifs-numeriques-psan
cmullb51e04bb3apfjqt6xyyu,2026-09-28,,AMF_FR,FR,removed,AS TWINO INVESTMENTS,https://takame.io/en/changes/cmullb51e04bb3apfjqt6xyyu,https://www.data.gouv.fr/datasets/liste-blanche-des-prestataires-de-services-sur-actifs-numeriques-psan
cmullb51c04ba3apfs7pk3ydz,2026-09-28,2026-06-10,AMF_FR,FR,added,FLOIN AG,https://takame.io/en/changes/cmullb51c04ba3apfs7pk3ydz,https://www.data.gouv.fr/datasets/liste-blanche-des-prestataires-de-services-sur-actifs-numeriques-psan
cmullb3di041i3apfc2089dw9,2026-09-28,,FINTRAC_CA,CA,removed,,https://takame.io/en/changes/cmullb3di041i3apfc2089dw9,https://fintrac-canafe.canada.ca/msb-esm/msb-report-eng
cmullb3dh041h3apfq8lk5zdg,2026-09-28,,FINTRAC_CA,CA,removed,,https://takame.io/en/changes/cmullb3dh041h3apfq8lk5zdg,https://fintrac-canafe.canada.ca/msb-esm/msb-report-eng
cmullb3dg041g3apfxokwjxjm,2026-09-28,,FINTRAC_CA,CA,removed,,https://takame.io/en/changes/cmullb3dg041g3apfxokwjxjm,https://fintrac-canafe.canada.ca/msb-esm/msb-report-eng
cmullb3df041f3apflt93zl1v,2026-09-28,,FINTRAC_CA,CA,removed,,https://takame.io/en/changes/cmullb3df041f3apflt93zl1v,https://fintrac-canafe.canada.ca/msb-esm/msb-report-eng
cmullb3dd041e3apfch9esbvk,2026-09-28,,FINTRAC_CA,CA,removed,,https://takame.io/en/changes/cmullb3dd041e3apfch9esbvk,https://fintrac-canafe.canada.ca/msb-esm/msb-report-eng
cmullb3dc041d3apf5xpt9dit,2026-09-28,,FINTRAC_CA,CA,removed,,https://takame.io/en/changes/cmullb3dc041d3apf5xpt9dit,https://fintrac-canafe.canada.ca/msb-esm/msb-report-eng
cmullb3db041c3apf8jpbj2nj,2026-09-28,,FINTRAC_CA,CA,removed,,https://takame.io/en/changes/cmullb3db041c3apf8jpbj2nj,https://fintrac-canafe.canada.ca/msb-esm/msb-report-eng
cmullb3da041b3apf7x32i4rc,2026-09-28,,FINTRAC_CA,CA,removed,,https://takame.io/en/changes/cmullb3da041b3apf7x32i4rc,https://fintrac-canafe.canada.ca/msb-esm/msb-report-eng
cmullb3d8041a3apfsx1aa6kd,2026-09-28,,FINTRAC_CA,CA,removed,,https://takame.io/en/changes/cmullb3d8041a3apfsx1aa6kd,https://fintrac-canafe.canada.ca/msb-esm/msb-report-eng
cmullb3d704193apf73ajekvo,2026-09-28,,FINTRAC_CA,CA,removed,,https://takame.io/en/changes/cmullb3d704193apf73ajekvo,https://fintrac-canafe.canada.ca/msb-esm/msb-report-eng
cmullb3d604183apfbllz2pxw,2026-09-28,,FINTRAC_CA,CA,removed,,https://takame.io/en/changes/cmullb3d604183apfbllz2pxw,https://fintrac-canafe.canada.ca/msb-esm/msb-report-eng
cmullb3d304173apf3uh3xx45,2026-09-28,,FINTRAC_CA,CA,removed,,https://takame.io/en/changes/cmullb3d304173apf3uh3xx45,https://fintrac-canafe.canada.ca/msb-esm/msb-report-eng
cmullb3d204163apfx83axixp,2026-09-28,,FINTRAC_CA,CA,removed,,https://takame.io/en/changes/cmullb3d204163apfx83axixp,https://fintrac-canafe.canada.ca/msb-esm/msb-report-eng
cmullb3d004153apfrb6gwu7h,2026-09-28,,FINTRAC_CA,CA,removed,,https://takame.io/en/changes/cmullb3d004153apfrb6gwu7h,https://fintrac-canafe.canada.ca/msb-esm/msb-report-eng
cmullb3cz04143apf9emf2loj,2026-09-28,,FINTRAC_CA,CA,removed,,https://takame.io/en/changes/cmullb3cz04143apf9emf2loj,https://fintrac-canafe.canada.ca/msb-esm/msb-report-eng
cmullb3cx04133apf35otchuh,2026-09-28,,FINTRAC_CA,CA,removed,,https://takame.io/en/changes/cmullb3cx04133apf35otchuh,https://fintrac-canafe.canada.ca/msb-esm/msb-report-eng
cmullb3cw04123apfn4qo23el,2026-09-28,,FINTRAC_CA,CA,removed,,https://takame.io/en/changes/cmullb3cw04123apfn4qo23el,https://fintrac-canafe.canada.ca/msb-esm/msb-report-eng
cmullb3cu04113apflb5aj5x8,2026-09-28,,FINTRAC_CA,CA,removed,,https://takame.io/en/changes/cmullb3cu04113apflb5aj5x8,https://fintrac-canafe.canada.ca/msb-esm/msb-report-eng
cmullb3ct04103apfxppces5b,2026-09-28,,FINTRAC_CA,CA,removed,,https://takame.io/en/changes/cmullb3ct04103apfxppces5b,https://fintrac-canafe.canada.ca/msb-esm/msb-report-eng
cmullb3cr040z3apfrkpc8gvw,2026-09-28,,FINTRAC_CA,CA,removed,,https://takame.io/en/changes/cmullb3cr040z3apfrkpc8gvw,https://fintrac-canafe.canada.ca/msb-esm/msb-report-eng
cmullb3cp040y3apfydhy4098,2026-09-28,2026-09-21,FINTRAC_CA,CA,added,,https://takame.io/en/changes/cmullb3cp040y3apfydhy4098,https://fintrac-canafe.canada.ca/msb-esm/msb-report-eng
cmullb3cn040x3apflifo8e28,2026-09-28,2026-09-21,FINTRAC_CA,CA,added,,https://takame.io/en/changes/cmullb3cn040x3apflifo8e28,https://fintrac-canafe.canada.ca/msb-esm/msb-report-eng
cmullb3cl040w3apf3dffxk5q,2026-09-28,2026-09-21,FINTRAC_CA,CA,added,,https://takame.io/en/changes/cmullb3cl040w3apf3dffxk5q,https://fintrac-canafe.canada.ca/msb-esm/msb-report-eng
cmullb3ck040v3apftlfynecy,2026-09-28,2026-09-21,FINTRAC_CA,CA,added,,https://takame.io/en/changes/cmullb3ck040v3apftlfynecy,https://fintrac-canafe.canada.ca/msb-esm/msb-report-eng
cmullb3ci040u3apfw2dlzv85,2026-09-28,2026-09-21,FINTRAC_CA,CA,added,,https://takame.io/en/changes/cmullb3ci040u3apfw2dlzv85,https://fintrac-canafe.canada.ca/msb-esm/msb-report-eng
cmullb3cg040t3apfmfa56uw1,2026-09-28,2026-09-21,FINTRAC_CA,CA,added,,https://takame.io/en/changes/cmullb3cg040t3apfmfa56uw1,https://fintrac-canafe.canada.ca/msb-esm/msb-report-eng
cmullb3ce040s3apfm9wsedml,2026-09-28,2026-09-21,FINTRAC_CA,CA,added,,https://takame.io/en/changes/cmullb3ce040s3apfm9wsedml,https://fintrac-canafe.canada.ca/msb-esm/msb-report-eng
cmullb3cd040r3apf0k7dhxxl,2026-09-28,2026-09-21,FINTRAC_CA,CA,added,,https://takame.io/en/changes/cmullb3cd040r3apf0k7dhxxl,https://fintrac-canafe.canada.ca/msb-esm/msb-report-eng
cmullb3cb040q3apfjghi8cd7,2026-09-28,2026-09-18,FINTRAC_CA,CA,added,,https://takame.io/en/changes/cmullb3cb040q3apfjghi8cd7,https://fintrac-canafe.canada.ca/msb-esm/msb-report-eng
cmullb3c9040p3apfu6a2qecr,2026-09-28,2026-09-18,FINTRAC_CA,CA,added,,https://takame.io/en/changes/cmullb3c9040p3apfu6a2qecr,https://fintrac-canafe.canada.ca/msb-esm/msb-report-eng
cmullb3c7040o3apfqxmfuobq,2026-09-28,2026-09-18,FINTRAC_CA,CA,added,,https://takame.io/en/changes/cmullb3c7040o3apfqxmfuobq,https://fintrac-canafe.canada.ca/msb-esm/msb-report-eng
cmullb3c5040n3apfl75fvork,2026-09-28,2026-09-18,FINTRAC_CA,CA,added,,https://takame.io/en/changes/cmullb3c5040n3apfl75fvork,https://fintrac-canafe.canada.ca/msb-esm/msb-report-eng
cmullb3bx040m3apf7hdf5ym0,2026-09-28,2026-09-17,FINTRAC_CA,CA,added,,https://takame.io/en/changes/cmullb3bx040m3apf7hdf5ym0,https://fintrac-canafe.canada.ca/msb-esm/msb-report-eng
cmullb3bw040l3apfkan89djl,2026-09-28,2026-09-17,FINTRAC_CA,CA,added,,https://takame.io/en/changes/cmullb3bw040l3apfkan89djl,https://fintrac-canafe.canada.ca/msb-esm/msb-report-eng
cmullb3bv040k3apfyko6fnof,2026-09-28,2026-09-22,FINTRAC_CA,CA,added,,https://takame.io/en/changes/cmullb3bv040k3apfyko6fnof,https://fintrac-canafe.canada.ca/msb-esm/msb-report-eng
cmullb3bu040j3apfpsrasepi,2026-09-28,2026-09-17,FINTRAC_CA,CA,added,,https://takame.io/en/changes/cmullb3bu040j3apfpsrasepi,https://fintrac-canafe.canada.ca/msb-esm/msb-report-eng
cmullb3bs040i3apfeng9mup3,2026-09-28,2026-09-17,FINTRAC_CA,CA,added,,https://takame.io/en/changes/cmullb3bs040i3apfeng9mup3,https://fintrac-canafe.canada.ca/msb-esm/msb-report-eng
cmullb3br040h3apfocdn3cis,2026-09-28,2026-09-21,FINTRAC_CA,CA,added,,https://takame.io/en/changes/cmullb3br040h3apfocdn3cis,https://fintrac-canafe.canada.ca/msb-esm/msb-report-eng
cmullb3bp040g3apfsmoogbro,2026-09-28,2026-09-17,FINTRAC_CA,CA,added,,https://takame.io/en/changes/cmullb3bp040g3apfsmoogbro,https://fintrac-canafe.canada.ca/msb-esm/msb-report-eng
cmullb3bo040f3apfnzxbjhcr,2026-09-28,2026-09-17,FINTRAC_CA,CA,added,,https://takame.io/en/changes/cmullb3bo040f3apfnzxbjhcr,https://fintrac-canafe.canada.ca/msb-esm/msb-report-eng
cmullb3bm040e3apf0wemgexe,2026-09-28,2026-09-17,FINTRAC_CA,CA,added,,https://takame.io/en/changes/cmullb3bm040e3apf0wemgexe,https://fintrac-canafe.canada.ca/msb-esm/msb-report-eng
cmullb3bk040d3apfyci8660p,2026-09-28,2026-09-17,FINTRAC_CA,CA,added,,https://takame.io/en/changes/cmullb3bk040d3apfyci8660p,https://fintrac-canafe.canada.ca/msb-esm/msb-report-eng
cmullb3bj040c3apf5h2drasn,2026-09-28,2026-09-21,FINTRAC_CA,CA,added,,https://takame.io/en/changes/cmullb3bj040c3apf5h2drasn,https://fintrac-canafe.canada.ca/msb-esm/msb-report-eng
cmullb3bh040b3apfpc94waj9,2026-09-28,2026-09-21,FINTRAC_CA,CA,added,,https://takame.io/en/changes/cmullb3bh040b3apfpc94waj9,https://fintrac-canafe.canada.ca/msb-esm/msb-report-eng
cmullb3bf040a3apfvula2i5j,2026-09-28,2026-09-21,FINTRAC_CA,CA,added,,https://takame.io/en/changes/cmullb3bf040a3apfvula2i5j,https://fintrac-canafe.canada.ca/msb-esm/msb-report-eng
cmullb3be04093apfwsxophfa,2026-09-28,2026-09-21,FINTRAC_CA,CA,added,,https://takame.io/en/changes/cmullb3be04093apfwsxophfa,https://fintrac-canafe.canada.ca/msb-esm/msb-report-eng
cmullb3bc04083apfkrpd7cpl,2026-09-28,2026-09-21,FINTRAC_CA,CA,added,,https://takame.io/en/changes/cmullb3bc04083apfkrpd7cpl,https://fintrac-canafe.canada.ca/msb-esm/msb-report-eng
cmullb3bb04073apfr3pa4x9c,2026-09-28,2026-09-16,FINTRAC_CA,CA,added,,https://takame.io/en/changes/cmullb3bb04073apfr3pa4x9c,https://fintrac-canafe.canada.ca/msb-esm/msb-report-eng
cmullb3b904063apfk9qw9qhp,2026-09-28,2026-09-16,FINTRAC_CA,CA,added,,https://takame.io/en/changes/cmullb3b904063apfk9qw9qhp,https://fintrac-canafe.canada.ca/msb-esm/msb-report-eng
cmullb3b804053apfymrti0rk,2026-09-28,2026-09-16,FINTRAC_CA,CA,added,,https://takame.io/en/changes/cmullb3b804053apfymrti0rk,https://fintrac-canafe.canada.ca/msb-esm/msb-report-eng
cmullb3b604043apfl84xeosb,2026-09-28,2026-09-15,FINTRAC_CA,CA,added,,https://takame.io/en/changes/cmullb3b604043apfl84xeosb,https://fintrac-canafe.canada.ca/msb-esm/msb-report-eng
cmullb3b504033apf7zxy0vne,2026-09-28,2026-09-15,FINTRAC_CA,CA,added,,https://takame.io/en/changes/cmullb3b504033apf7zxy0vne,https://fintrac-canafe.canada.ca/msb-esm/msb-report-eng
cmullb3b304023apfajri2x4e,2026-09-28,2026-09-15,FINTRAC_CA,CA,added,,https://takame.io/en/changes/cmullb3b304023apfajri2x4e,https://fintrac-canafe.canada.ca/msb-esm/msb-report-eng
cmullb3b104013apf5vv26lsn,2026-09-28,2026-08-06,FINTRAC_CA,CA,added,,https://takame.io/en/changes/cmullb3b104013apf5vv26lsn,https://fintrac-canafe.canada.ca/msb-esm/msb-report-eng
cmullb3b004003apfhwh7vyw1,2026-09-28,2026-09-15,FINTRAC_CA,CA,added,,https://takame.io/en/changes/cmullb3b004003apfhwh7vyw1,https://fintrac-canafe.canada.ca/msb-esm/msb-report-eng
cmullb3ay03zz3apfp3jjnrc4,2026-09-28,2026-09-15,FINTRAC_CA,CA,added,,https://takame.io/en/changes/cmullb3ay03zz3apfp3jjnrc4,https://fintrac-canafe.canada.ca/msb-esm/msb-report-eng
cmullb3ax03zy3apfi17dfsqc,2026-09-28,2026-09-15,FINTRAC_CA,CA,added,,https://takame.io/en/changes/cmullb3ax03zy3apfi17dfsqc,https://fintrac-canafe.canada.ca/msb-esm/msb-report-eng
cmullb3aw03zx3apf4vupdw1v,2026-09-28,2026-09-17,FINTRAC_CA,CA,added,,https://takame.io/en/changes/cmullb3aw03zx3apf4vupdw1v,https://fintrac-canafe.canada.ca/msb-esm/msb-report-eng
cmullb3au03zw3apfx9n58ln4,2026-09-28,2026-09-17,FINTRAC_CA,CA,added,,https://takame.io/en/changes/cmullb3au03zw3apfx9n58ln4,https://fintrac-canafe.canada.ca/msb-esm/msb-report-eng
cmullb3at03zv3apfzu02oeta,2026-09-28,2026-09-10,FINTRAC_CA,CA,added,,https://takame.io/en/changes/cmullb3at03zv3apfzu02oeta,https://fintrac-canafe.canada.ca/msb-esm/msb-report-eng
cmullb3ar03zu3apfz8kvqmta,2026-09-28,2026-09-10,FINTRAC_CA,CA,added,,https://takame.io/en/changes/cmullb3ar03zu3apfz8kvqmta,https://fintrac-canafe.canada.ca/msb-esm/msb-report-eng
cmullb3aq03zt3apffnvncxpo,2026-09-28,2026-09-14,FINTRAC_CA,CA,added,,https://takame.io/en/changes/cmullb3aq03zt3apffnvncxpo,https://fintrac-canafe.canada.ca/msb-esm/msb-report-eng
cmullb3ao03zs3apfp43cz1nr,2026-09-28,2026-09-10,FINTRAC_CA,CA,added,,https://takame.io/en/changes/cmullb3ao03zs3apfp43cz1nr,https://fintrac-canafe.canada.ca/msb-esm/msb-report-eng
cmullb3an03zr3apf5sg06usn,2026-09-28,2026-09-17,FINTRAC_CA,CA,added,,https://takame.io/en/changes/cmullb3an03zr3apf5sg06usn,https://fintrac-canafe.canada.ca/msb-esm/msb-report-eng
cmullb3al03zq3apfk6vcd5cr,2026-09-28,2026-09-10,FINTRAC_CA,CA,added,,https://takame.io/en/changes/cmullb3al03zq3apfk6vcd5cr,https://fintrac-canafe.canada.ca/msb-esm/msb-report-eng
cmullb3ak03zp3apfnldw1kpz,2026-09-28,2026-09-10,FINTRAC_CA,CA,added,,https://takame.io/en/changes/cmullb3ak03zp3apfnldw1kpz,https://fintrac-canafe.canada.ca/msb-esm/msb-report-eng
cmullb3ai03zo3apfh33kd69q,2026-09-28,2026-09-10,FINTRAC_CA,CA,added,,https://takame.io/en/changes/cmullb3ai03zo3apfh33kd69q,https://fintrac-canafe.canada.ca/msb-esm/msb-report-eng
cmullb3ag03zn3apf2rcqf6ml,2026-09-28,2026-09-10,FINTRAC_CA,CA,added,,https://takame.io/en/changes/cmullb3ag03zn3apf2rcqf6ml,https://fintrac-canafe.canada.ca/msb-esm/msb-report-eng
cmullb3af03zm3apftv4sefjs,2026-09-28,2026-09-10,FINTRAC_CA,CA,added,,https://takame.io/en/changes/cmullb3af03zm3apftv4sefjs,https://fintrac-canafe.canada.ca/msb-esm/msb-report-eng
cmullb3ad03zl3apfvkjuoe4u,2026-09-28,2026-09-11,FINTRAC_CA,CA,added,,https://takame.io/en/changes/cmullb3ad03zl3apfvkjuoe4u,https://fintrac-canafe.canada.ca/msb-esm/msb-report-eng
cmullb3ac03zk3apfl006l85h,2026-09-28,2026-09-11,FINTRAC_CA,CA,added,,https://takame.io/en/changes/cmullb3ac03zk3apfl006l85h,https://fintrac-canafe.canada.ca/msb-esm/msb-report-eng
cmullb3aa03zj3apf4cnbv1xf,2026-09-28,2026-09-11,FINTRAC_CA,CA,added,,https://takame.io/en/changes/cmullb3aa03zj3apf4cnbv1xf,https://fintrac-canafe.canada.ca/msb-esm/msb-report-eng
cmullb3a903zi3apfcs3awfa8,2026-09-28,2026-09-11,FINTRAC_CA,CA,added,,https://takame.io/en/changes/cmullb3a903zi3apfcs3awfa8,https://fintrac-canafe.canada.ca/msb-esm/msb-report-eng
cmullb3a803zh3apfc4n4jjf0,2026-09-28,2026-09-11,FINTRAC_CA,CA,added,,https://takame.io/en/changes/cmullb3a803zh3apfc4n4jjf0,https://fintrac-canafe.canada.ca/msb-esm/msb-report-eng
cmullb3a603zg3apfsv9m2y7t,2026-09-28,2026-09-11,FINTRAC_CA,CA,added,,https://takame.io/en/changes/cmullb3a603zg3apfsv9m2y7t,https://fintrac-canafe.canada.ca/msb-esm/msb-report-eng
cmullb3a503zf3apfg13jh9cr,2026-09-28,2026-09-11,FINTRAC_CA,CA,added,,https://takame.io/en/changes/cmullb3a503zf3apfg13jh9cr,https://fintrac-canafe.canada.ca/msb-esm/msb-report-eng
cmullb3a303ze3apfl12iazac,2026-09-28,2026-09-11,FINTRAC_CA,CA,added,,https://takame.io/en/changes/cmullb3a303ze3apfl12iazac,https://fintrac-canafe.canada.ca/msb-esm/msb-report-eng
cmullb3a203zd3apfzk9u4wej,2026-09-28,2026-09-16,FINTRAC_CA,CA,added,,https://takame.io/en/changes/cmullb3a203zd3apfzk9u4wej,https://fintrac-canafe.canada.ca/msb-esm/msb-report-eng
cmullb3a003zc3apfsc5dpju5,2026-09-28,2026-09-15,FINTRAC_CA,CA,added,,https://takame.io/en/changes/cmullb3a003zc3apfsc5dpju5,https://fintrac-canafe.canada.ca/msb-esm/msb-report-eng
cmullb39y03zb3apf6uhdjzoe,2026-09-28,2026-09-15,FINTRAC_CA,CA,added,,https://takame.io/en/changes/cmullb39y03zb3apf6uhdjzoe,https://fintrac-canafe.canada.ca/msb-esm/msb-report-eng
cmullb39x03za3apf5y3r5z7g,2026-09-28,2026-09-15,FINTRAC_CA,CA,added,,https://takame.io/en/changes/cmullb39x03za3apf5y3r5z7g,https://fintrac-canafe.canada.ca/msb-esm/msb-report-eng
cmullb39v03z93apff2941zwd,2026-09-28,2026-09-10,FINTRAC_CA,CA,added,,https://takame.io/en/changes/cmullb39v03z93apff2941zwd,https://fintrac-canafe.canada.ca/msb-esm/msb-report-eng
cmullb39t03z83apfu6tmy6to,2026-09-28,2026-09-10,FINTRAC_CA,CA,added,,https://takame.io/en/changes/cmullb39t03z83apfu6tmy6to,https://fintrac-canafe.canada.ca/msb-esm/msb-report-eng
cmullb39r03z73apffyk6drr0,2026-09-28,2026-09-09,FINTRAC_CA,CA,added,,https://takame.io/en/changes/cmullb39r03z73apffyk6drr0,https://fintrac-canafe.canada.ca/msb-esm/msb-report-eng
cmullb39q03z63apffwlqzw6q,2026-09-28,2026-09-10,FINTRAC_CA,CA,added,,https://takame.io/en/changes/cmullb39q03z63apffwlqzw6q,https://fintrac-canafe.canada.ca/msb-esm/msb-report-eng
cmullb39o03z53apfbmg64iai,2026-09-28,2026-09-03,FINTRAC_CA,CA,added,,https://takame.io/en/changes/cmullb39o03z53apfbmg64iai,https://fintrac-canafe.canada.ca/msb-esm/msb-report-eng
cmullb39m03z43apfvdbxc27f,2026-09-28,2026-09-14,FINTRAC_CA,CA,added,,https://takame.io/en/changes/cmullb39m03z43apfvdbxc27f,https://fintrac-canafe.canada.ca/msb-esm/msb-report-eng
cmullb39l03z33apf4vo88x2o,2026-09-28,2026-09-14,FINTRAC_CA,CA,added,,https://takame.io/en/changes/cmullb39l03z33apf4vo88x2o,https://fintrac-canafe.canada.ca/msb-esm/msb-report-eng
cmullb39j03z23apfj5i1k4av,2026-09-28,2026-09-14,FINTRAC_CA,CA,added,,https://takame.io/en/changes/cmullb39j03z23apfj5i1k4av,https://fintrac-canafe.canada.ca/msb-esm/msb-report-eng
cmullb39i03z13apfujg7852v,2026-09-28,2026-09-14,FINTRAC_CA,CA,added,,https://takame.io/en/changes/cmullb39i03z13apfujg7852v,https://fintrac-canafe.canada.ca/msb-esm/msb-report-eng
cmullb39h03z03apfo3ir5sj8,2026-09-28,2026-09-14,FINTRAC_CA,CA,added,,https://takame.io/en/changes/cmullb39h03z03apfo3ir5sj8,https://fintrac-canafe.canada.ca/msb-esm/msb-report-eng
cmullb39f03yz3apfopprph8u,2026-09-28,2026-09-14,FINTRAC_CA,CA,added,,https://takame.io/en/changes/cmullb39f03yz3apfopprph8u,https://fintrac-canafe.canada.ca/msb-esm/msb-report-eng
cmullb39e03yy3apfp2bysuzg,2026-09-28,2026-09-14,FINTRAC_CA,CA,added,,https://takame.io/en/changes/cmullb39e03yy3apfp2bysuzg,https://fintrac-canafe.canada.ca/msb-esm/msb-report-eng
cmullb39d03yx3apfoepz2wx7,2026-09-28,2026-09-14,FINTRAC_CA,CA,added,,https://takame.io/en/changes/cmullb39d03yx3apfoepz2wx7,https://fintrac-canafe.canada.ca/msb-esm/msb-report-eng
cmullb39c03yw3apfn81e37sz,2026-09-28,2026-09-11,FINTRAC_CA,CA,added,,https://takame.io/en/changes/cmullb39c03yw3apfn81e37sz,https://fintrac-canafe.canada.ca/msb-esm/msb-report-eng
cmullb39a03yv3apfwfks3d0v,2026-09-28,2026-09-11,FINTRAC_CA,CA,added,,https://takame.io/en/changes/cmullb39a03yv3apfwfks3d0v,https://fintrac-canafe.canada.ca/msb-esm/msb-report-eng
cmullb39903yu3apfqvor49dx,2026-09-28,2026-09-11,FINTRAC_CA,CA,added,,https://takame.io/en/changes/cmullb39903yu3apfqvor49dx,https://fintrac-canafe.canada.ca/msb-esm/msb-report-eng
cmullb39803yt3apfm131jb45,2026-09-28,2026-09-11,FINTRAC_CA,CA,added,,https://takame.io/en/changes/cmullb39803yt3apfm131jb45,https://fintrac-canafe.canada.ca/msb-esm/msb-report-eng
cmullb39603ys3apf23mxd4pz,2026-09-28,2026-09-11,FINTRAC_CA,CA,added,,https://takame.io/en/changes/cmullb39603ys3apf23mxd4pz,https://fintrac-canafe.canada.ca/msb-esm/msb-report-eng
cmullb39503yr3apfob3uj4md,2026-09-28,2026-09-11,FINTRAC_CA,CA,added,,https://takame.io/en/changes/cmullb39503yr3apfob3uj4md,https://fintrac-canafe.canada.ca/msb-esm/msb-report-eng
cmullb39303yq3apf6ve9sy80,2026-09-28,2026-09-11,FINTRAC_CA,CA,added,,https://takame.io/en/changes/cmullb39303yq3apf6ve9sy80,https://fintrac-canafe.canada.ca/msb-esm/msb-report-eng
cmullb39203yp3apfxd4gfo43,2026-09-28,2026-09-11,FINTRAC_CA,CA,added,,https://takame.io/en/changes/cmullb39203yp3apfxd4gfo43,https://fintrac-canafe.canada.ca/msb-esm/msb-report-eng
cmullb39103yo3apfm503eyps,2026-09-28,2026-09-10,FINTRAC_CA,CA,added,,https://takame.io/en/changes/cmullb39103yo3apfm503eyps,https://fintrac-canafe.canada.ca/msb-esm/msb-report-eng
cmullb38z03yn3apfsuustecj,2026-09-28,2026-09-10,FINTRAC_CA,CA,added,,https://takame.io/en/changes/cmullb38z03yn3apfsuustecj,https://fintrac-canafe.canada.ca/msb-esm/msb-report-eng
cmullb38x03ym3apfvy4v5x9w,2026-09-28,2026-09-10,FINTRAC_CA,CA,added,,https://takame.io/en/changes/cmullb38x03ym3apfvy4v5x9w,https://fintrac-canafe.canada.ca/msb-esm/msb-report-eng
cmullb38w03yl3apfz6ayhz8x,2026-09-28,2026-09-10,FINTRAC_CA,CA,added,,https://takame.io/en/changes/cmullb38w03yl3apfz6ayhz8x,https://fintrac-canafe.canada.ca/msb-esm/msb-report-eng
cmullb38u03yk3apfrag4pfut,2026-09-28,2026-09-10,FINTRAC_CA,CA,added,,https://takame.io/en/changes/cmullb38u03yk3apfrag4pfut,https://fintrac-canafe.canada.ca/msb-esm/msb-report-eng
cmullb38t03yj3apfrelzb0wr,2026-09-28,2026-09-10,FINTRAC_CA,CA,added,,https://takame.io/en/changes/cmullb38t03yj3apfrelzb0wr,https://fintrac-canafe.canada.ca/msb-esm/msb-report-eng
cmullb38r03yi3apfzmuurl25,2026-09-28,2026-09-10,FINTRAC_CA,CA,added,,https://takame.io/en/changes/cmullb38r03yi3apfzmuurl25,https://fintrac-canafe.canada.ca/msb-esm/msb-report-eng
cmullb38q03yh3apfwmz9cov7,2026-09-28,2026-09-09,FINTRAC_CA,CA,added,,https://takame.io/en/changes/cmullb38q03yh3apfwmz9cov7,https://fintrac-canafe.canada.ca/msb-esm/msb-report-eng
cmullb38o03yg3apfhffxeww7,2026-09-28,2026-09-09,FINTRAC_CA,CA,added,,https://takame.io/en/changes/cmullb38o03yg3apfhffxeww7,https://fintrac-canafe.canada.ca/msb-esm/msb-report-eng
cmullb38m03yf3apf07bb4szy,2026-09-28,2026-09-10,FINTRAC_CA,CA,added,,https://takame.io/en/changes/cmullb38m03yf3apf07bb4szy,https://fintrac-canafe.canada.ca/msb-esm/msb-report-eng
cmullb38l03ye3apfjithkjcn,2026-09-28,2026-09-09,FINTRAC_CA,CA,added,,https://takame.io/en/changes/cmullb38l03ye3apfjithkjcn,https://fintrac-canafe.canada.ca/msb-esm/msb-report-eng
cmullb38j03yd3apfpphx98nu,2026-09-28,2026-09-09,FINTRAC_CA,CA,added,,https://takame.io/en/changes/cmullb38j03yd3apfpphx98nu,https://fintrac-canafe.canada.ca/msb-esm/msb-report-eng
cmullb38h03yc3apfe15jv2e1,2026-09-28,2026-09-09,FINTRAC_CA,CA,added,,https://takame.io/en/changes/cmullb38h03yc3apfe15jv2e1,https://fintrac-canafe.canada.ca/msb-esm/msb-report-eng
cmullb38g03yb3apfj6u1p7l5,2026-09-28,2026-09-09,FINTRAC_CA,CA,added,,https://takame.io/en/changes/cmullb38g03yb3apfj6u1p7l5,https://fintrac-canafe.canada.ca/msb-esm/msb-report-eng
cmullb38f03ya3apficc6ksz6,2026-09-28,2026-09-10,FINTRAC_CA,CA,added,,https://takame.io/en/changes/cmullb38f03ya3apficc6ksz6,https://fintrac-canafe.canada.ca/msb-esm/msb-report-eng
cmullb38d03y93apfj82s2j4b,2026-09-28,2026-09-08,FINTRAC_CA,CA,added,,https://takame.io/en/changes/cmullb38d03y93apfj82s2j4b,https://fintrac-canafe.canada.ca/msb-esm/msb-report-eng
cmullb38b03y83apfxsukpksn,2026-09-28,2026-09-08,FINTRAC_CA,CA,added,,https://takame.io/en/changes/cmullb38b03y83apfxsukpksn,https://fintrac-canafe.canada.ca/msb-esm/msb-report-eng
cmullb38903y73apfg496ynh7,2026-09-28,2026-09-10,FINTRAC_CA,CA,added,,https://takame.io/en/changes/cmullb38903y73apfg496ynh7,https://fintrac-canafe.canada.ca/msb-esm/msb-report-eng
cmullb38803y63apfhqqaq5ud,2026-09-28,2026-09-09,FINTRAC_CA,CA,added,,https://takame.io/en/changes/cmullb38803y63apfhqqaq5ud,https://fintrac-canafe.canada.ca/msb-esm/msb-report-eng
cmullb38603y53apfn8v6tt28,2026-09-28,2026-09-09,FINTRAC_CA,CA,added,,https://takame.io/en/changes/cmullb38603y53apfn8v6tt28,https://fintrac-canafe.canada.ca/msb-esm/msb-report-eng
cmullb38403y43apfxvmoiuaw,2026-09-28,2026-09-09,FINTRAC_CA,CA,added,,https://takame.io/en/changes/cmullb38403y43apfxvmoiuaw,https://fintrac-canafe.canada.ca/msb-esm/msb-report-eng
cmullb38203y33apf8yyutz6i,2026-09-28,2026-09-09,FINTRAC_CA,CA,added,,https://takame.io/en/changes/cmullb38203y33apf8yyutz6i,https://fintrac-canafe.canada.ca/msb-esm/msb-report-eng
cmullb38003y23apfjjzn99so,2026-09-28,2026-09-09,FINTRAC_CA,CA,added,,https://takame.io/en/changes/cmullb38003y23apfjjzn99so,https://fintrac-canafe.canada.ca/msb-esm/msb-report-eng
cmullb37y03y13apfm6c8cwsc,2026-09-28,2026-09-09,FINTRAC_CA,CA,added,,https://takame.io/en/changes/cmullb37y03y13apfm6c8cwsc,https://fintrac-canafe.canada.ca/msb-esm/msb-report-eng
cmullb37w03y03apfudw6hx2m,2026-09-28,2026-07-22,FINTRAC_CA,CA,added,,https://takame.io/en/changes/cmullb37w03y03apfudw6hx2m,https://fintrac-canafe.canada.ca/msb-esm/msb-report-eng
cmullb37t03xz3apfdvqq6h6d,2026-09-28,2026-07-15,FINTRAC_CA,CA,added,,https://takame.io/en/changes/cmullb37t03xz3apfdvqq6h6d,https://fintrac-canafe.canada.ca/msb-esm/msb-report-eng
cmullb37r03xy3apf4ypyrrsr,2026-09-28,2026-07-09,FINTRAC_CA,CA,added,,https://takame.io/en/changes/cmullb37r03xy3apf4ypyrrsr,https://fintrac-canafe.canada.ca/msb-esm/msb-report-eng
cmullb37p03xx3apfgub4d3z5,2026-09-28,2026-07-08,FINTRAC_CA,CA,added,,https://takame.io/en/changes/cmullb37p03xx3apfgub4d3z5,https://fintrac-canafe.canada.ca/msb-esm/msb-report-eng
cmullb37m03xw3apfkukkdv0w,2026-09-28,2026-03-23,FINTRAC_CA,CA,added,,https://takame.io/en/changes/cmullb37m03xw3apfkukkdv0w,https://fintrac-canafe.canada.ca/msb-esm/msb-report-eng
cmullb37k03xv3apfdxh51f30,2026-09-28,2026-03-13,FINTRAC_CA,CA,detail,,https://takame.io/en/changes/cmullb37k03xv3apfdxh51f30,https://fintrac-canafe.canada.ca/msb-esm/msb-report-eng
cmullb37i03xu3apfrd74tnf7,2026-09-28,2026-02-19,FINTRAC_CA,CA,added,,https://takame.io/en/changes/cmullb37i03xu3apfrd74tnf7,https://fintrac-canafe.canada.ca/msb-esm/msb-report-eng
cmullb37g03xt3apfhgcccc5q,2026-09-28,2026-02-12,FINTRAC_CA,CA,added,,https://takame.io/en/changes/cmullb37g03xt3apfhgcccc5q,https://fintrac-canafe.canada.ca/msb-esm/msb-report-eng
cmullb37e03xs3apfel70yvac,2026-09-28,2026-01-27,FINTRAC_CA,CA,detail,,https://takame.io/en/changes/cmullb37e03xs3apfel70yvac,https://fintrac-canafe.canada.ca/msb-esm/msb-report-eng
cmullb37c03xr3apfdsd4dpzo,2026-09-28,2025-12-22,FINTRAC_CA,CA,added,,https://takame.io/en/changes/cmullb37c03xr3apfdsd4dpzo,https://fintrac-canafe.canada.ca/msb-esm/msb-report-eng
cmullb37a03xq3apfwquwvbrt,2026-09-28,2025-11-19,FINTRAC_CA,CA,added,,https://takame.io/en/changes/cmullb37a03xq3apfwquwvbrt,https://fintrac-canafe.canada.ca/msb-esm/msb-report-eng
cmullb37803xp3apf4yvz8is5,2026-09-28,2024-11-27,FINTRAC_CA,CA,added,,https://takame.io/en/changes/cmullb37803xp3apf4yvz8is5,https://fintrac-canafe.canada.ca/msb-esm/msb-report-eng
cmullb37603xo3apft877xq73,2026-09-28,2024-11-28,FINTRAC_CA,CA,added,,https://takame.io/en/changes/cmullb37603xo3apft877xq73,https://fintrac-canafe.canada.ca/msb-esm/msb-report-eng
cmullb37403xn3apfhlk7spoa,2026-09-28,2024-12-11,FINTRAC_CA,CA,added,,https://takame.io/en/changes/cmullb37403xn3apfhlk7spoa,https://fintrac-canafe.canada.ca/msb-esm/msb-report-eng
cmullb37203xm3apfrp14jnnp,2026-09-28,2024-12-23,FINTRAC_CA,CA,added,,https://takame.io/en/changes/cmullb37203xm3apfrp14jnnp,https://fintrac-canafe.canada.ca/msb-esm/msb-report-eng
cmullb37103xl3apfgmd4pt7l,2026-09-28,2024-12-23,FINTRAC_CA,CA,added,,https://takame.io/en/changes/cmullb37103xl3apfgmd4pt7l,https://fintrac-canafe.canada.ca/msb-esm/msb-report-eng
cmullb37003xk3apffm5v9pa4,2026-09-28,2025-02-04,FINTRAC_CA,CA,added,,https://takame.io/en/changes/cmullb37003xk3apffm5v9pa4,https://fintrac-canafe.canada.ca/msb-esm/msb-report-eng
cmullb36y03xj3apf32r3mda0,2026-09-28,2025-05-21,FINTRAC_CA,CA,added,,https://takame.io/en/changes/cmullb36y03xj3apf32r3mda0,https://fintrac-canafe.canada.ca/msb-esm/msb-report-eng
cmullb36x03xi3apfanj0rj6d,2026-09-28,2025-06-06,FINTRAC_CA,CA,added,,https://takame.io/en/changes/cmullb36x03xi3apfanj0rj6d,https://fintrac-canafe.canada.ca/msb-esm/msb-report-eng
cmullb36v03xh3apfa65srf6c,2026-09-28,2026-04-17,FINTRAC_CA,CA,added,,https://takame.io/en/changes/cmullb36v03xh3apfa65srf6c,https://fintrac-canafe.canada.ca/msb-esm/msb-report-eng
cmullb36t03xg3apfvhe9sucw,2026-09-28,2025-06-16,FINTRAC_CA,CA,added,,https://takame.io/en/changes/cmullb36t03xg3apfvhe9sucw,https://fintrac-canafe.canada.ca/msb-esm/msb-report-eng
cmullb36r03xf3apfybn4pqh0,2026-09-28,2026-06-03,FINTRAC_CA,CA,added,,https://takame.io/en/changes/cmullb36r03xf3apfybn4pqh0,https://fintrac-canafe.canada.ca/msb-esm/msb-report-eng
cmullb36p03xe3apf2yvg8j3d,2026-09-28,2025-08-15,FINTRAC_CA,CA,added,,https://takame.io/en/changes/cmullb36p03xe3apf2yvg8j3d,https://fintrac-canafe.canada.ca/msb-esm/msb-report-eng
cmullb36n03xd3apfugyyox78,2026-09-28,2025-09-15,FINTRAC_CA,CA,added,,https://takame.io/en/changes/cmullb36n03xd3apfugyyox78,https://fintrac-canafe.canada.ca/msb-esm/msb-report-eng
cmullb36l03xc3apflbhwwf2j,2026-09-28,2025-09-15,FINTRAC_CA,CA,added,,https://takame.io/en/changes/cmullb36l03xc3apflbhwwf2j,https://fintrac-canafe.canada.ca/msb-esm/msb-report-eng
cmullb36i03xb3apff1cuqxud,2026-09-28,2025-10-07,FINTRAC_CA,CA,added,,https://takame.io/en/changes/cmullb36i03xb3apff1cuqxud,https://fintrac-canafe.canada.ca/msb-esm/msb-report-eng
cmullb36g03xa3apffilzza22,2026-09-28,2025-10-14,FINTRAC_CA,CA,added,,https://takame.io/en/changes/cmullb36g03xa3apffilzza22,https://fintrac-canafe.canada.ca/msb-esm/msb-report-eng
cmullb36e03x93apflvkvjm9z,2026-09-28,2025-10-15,FINTRAC_CA,CA,added,,https://takame.io/en/changes/cmullb36e03x93apflvkvjm9z,https://fintrac-canafe.canada.ca/msb-esm/msb-report-eng
cmullb36b03x83apfttafgacl,2026-09-28,2026-09-18,FINTRAC_CA,CA,revoked,,https://takame.io/en/changes/cmullb36b03x83apfttafgacl,https://fintrac-canafe.canada.ca/msb-esm/msb-report-eng
cmullb36703x73apfb0p4ulah,2026-09-28,2024-11-12,FINTRAC_CA,CA,added,,https://takame.io/en/changes/cmullb36703x73apfb0p4ulah,https://fintrac-canafe.canada.ca/msb-esm/msb-report-eng
cmullb36503x63apfvn7u06q9,2026-09-28,2024-11-08,FINTRAC_CA,CA,added,,https://takame.io/en/changes/cmullb36503x63apfvn7u06q9,https://fintrac-canafe.canada.ca/msb-esm/msb-report-eng
cmullb36103x53apfhq3h6fjg,2026-09-28,2024-11-05,FINTRAC_CA,CA,added,,https://takame.io/en/changes/cmullb36103x53apfhq3h6fjg,https://fintrac-canafe.canada.ca/msb-esm/msb-report-eng
cmullb35y03x43apfa2tnsjeo,2026-09-28,2024-11-04,FINTRAC_CA,CA,added,,https://takame.io/en/changes/cmullb35y03x43apfa2tnsjeo,https://fintrac-canafe.canada.ca/msb-esm/msb-report-eng
cmullb35v03x33apf5o4l2hx8,2026-09-28,2024-10-15,FINTRAC_CA,CA,added,,https://takame.io/en/changes/cmullb35v03x33apf5o4l2hx8,https://fintrac-canafe.canada.ca/msb-esm/msb-report-eng
cmullb35s03x23apftd3fgtkl,2026-09-28,2024-10-10,FINTRAC_CA,CA,detail,,https://takame.io/en/changes/cmullb35s03x23apftd3fgtkl,https://fintrac-canafe.canada.ca/msb-esm/msb-report-eng
cmullb35q03x13apfno7jurlq,2026-09-28,2026-07-31,FINTRAC_CA,CA,expired,,https://takame.io/en/changes/cmullb35q03x13apfno7jurlq,https://fintrac-canafe.canada.ca/msb-esm/msb-report-eng
cmullb35n03x03apfhrzllpj7,2026-09-28,2023-07-07,FINTRAC_CA,CA,added,,https://takame.io/en/changes/cmullb35n03x03apfhrzllpj7,https://fintrac-canafe.canada.ca/msb-esm/msb-report-eng
cmullb35l03wz3apfv2kppe4i,2026-09-28,2023-02-07,FINTRAC_CA,CA,added,,https://takame.io/en/changes/cmullb35l03wz3apfv2kppe4i,https://fintrac-canafe.canada.ca/msb-esm/msb-report-eng
cmullb35h03wy3apf42j3rk3n,2026-09-28,2023-02-03,FINTRAC_CA,CA,added,,https://takame.io/en/changes/cmullb35h03wy3apf42j3rk3n,https://fintrac-canafe.canada.ca/msb-esm/msb-report-eng
cmullb35e03wx3apf9d5upe6w,2026-09-28,2023-01-27,FINTRAC_CA,CA,detail,,https://takame.io/en/changes/cmullb35e03wx3apf9d5upe6w,https://fintrac-canafe.canada.ca/msb-esm/msb-report-eng
cmullb35c03ww3apff6ixmgci,2026-09-28,2025-03-31,FINTRAC_CA,CA,expired,,https://takame.io/en/changes/cmullb35c03ww3apff6ixmgci,https://fintrac-canafe.canada.ca/msb-esm/msb-report-eng
cmullb35903wv3apfi2la0h68,2026-09-28,2022-07-21,FINTRAC_CA,CA,added,,https://takame.io/en/changes/cmullb35903wv3apfi2la0h68,https://fintrac-canafe.canada.ca/msb-esm/msb-report-eng
cmullb35703wu3apf2n0nyf45,2026-09-28,2025-07-27,FINTRAC_CA,CA,added,,https://takame.io/en/changes/cmullb35703wu3apf2n0nyf45,https://fintrac-canafe.canada.ca/msb-esm/msb-report-eng
cmullb35503wt3apfci2dc15s,2026-09-28,2021-06-10,FINTRAC_CA,CA,status,,https://takame.io/en/changes/cmullb35503wt3apfci2dc15s,https://fintrac-canafe.canada.ca/msb-esm/msb-report-eng
cmullb35203ws3apf0740dvfq,2026-09-28,2020-12-04,FINTRAC_CA,CA,added,,https://takame.io/en/changes/cmullb35203ws3apf0740dvfq,https://fintrac-canafe.canada.ca/msb-esm/msb-report-eng
cmullb34y03wr3apfcnvrftk3,2026-09-28,2020-03-06,FINTRAC_CA,CA,status,,https://takame.io/en/changes/cmullb34y03wr3apfcnvrftk3,https://fintrac-canafe.canada.ca/msb-esm/msb-report-eng
cmullb34v03wq3apfllivzmgo,2026-09-28,2025-10-30,FINTRAC_CA,CA,detail,,https://takame.io/en/changes/cmullb34v03wq3apfllivzmgo,https://fintrac-canafe.canada.ca/msb-esm/msb-report-eng
cmullb34r03wp3apfai4t6leg,2026-09-28,2026-09-16,FINTRAC_CA,CA,revoked,,https://takame.io/en/changes/cmullb34r03wp3apfai4t6leg,https://fintrac-canafe.canada.ca/msb-esm/msb-report-eng
cmullaort00r93apfl4fka2ym,2026-09-28,2026-09-22,OJK_ID,ID,added,,https://takame.io/en/changes/cmullaort00r93apfl4fka2ym,https://ojk.go.id/id/Fungsi-Utama/ITSK/Perizinan-ITSK-Aset-Keuangan-Digital-Aset-Kripto/Pages/Daftar-Penyelenggara-Perdagangan-Aset-Keuangan-Digital-Posisi-22-September-2026.aspx
cmullantg00k63apfvca253wd,2026-09-28,2026-09-22,SFC_HK_ALERT,HK,flagged,,https://takame.io/en/changes/cmullantg00k63apfvca253wd,https://www.sfc.hk/en/alert-list/3514
cmullante00k53apfnu2zyfsi,2026-09-28,2026-09-28,SFC_HK_ALERT,HK,flagged,,https://takame.io/en/changes/cmullante00k53apfnu2zyfsi,https://www.sfc.hk/en/alert-list/3520
cmullanij00hu3apfnpig1b1t,2026-09-28,,VARA_AE,AE,removed,,https://takame.io/en/changes/cmullanij00hu3apfnpig1b1t,https://www.vara.ae/en/licenses-and-register/public-register/
cmullanid00ht3apfkrzrircx,2026-09-28,,VARA_AE,AE,added,,https://takame.io/en/changes/cmullanid00ht3apfkrzrircx,https://www.vara.ae/en/licenses-and-register/public-register/
cmufva85200f0nhpf3xxxac64,2026-09-24,,ESMA_MICA_NCA,EU,flagged,Nextrize Invest,https://takame.io/en/changes/cmufva85200f0nhpf3xxxac64,https://www.esma.europa.eu/sites/default/files/2024-12/NCASP.csv
cmufva7fs00a8nhpf34byndqy,2026-09-24,2026-09-06,ESMA_MICA,EU,added,"ICONOMI EUROPE, borznoposredniška družba, d.o.o.",https://takame.io/en/changes/cmufva7fs00a8nhpf34byndqy,https://www.esma.europa.eu/sites/default/files/2024-12/CASPS.csv
cmufva7fq00a7nhpfmldlg0ci,2026-09-24,2026-08-07,ESMA_MICA,EU,added,PIRAEUS BANK Société Anonyme (S.A.),https://takame.io/en/changes/cmufva7fq00a7nhpfmldlg0ci,https://www.esma.europa.eu/sites/default/files/2024-12/CASPS.csv
cmufva7fo00a6nhpf417q1qfj,2026-09-24,2026-07-22,ESMA_MICA,EU,added,CAPITAL WALLET GREECE S.A.,https://takame.io/en/changes/cmufva7fo00a6nhpf417q1qfj,https://www.esma.europa.eu/sites/default/files/2024-12/CASPS.csv
cmufva7fm00a5nhpfy3rpiq6y,2026-09-24,2026-07-22,ESMA_MICA,EU,added,XENIOS BLOCKCHAIN GROUP S.A.,https://takame.io/en/changes/cmufva7fm00a5nhpfy3rpiq6y,https://www.esma.europa.eu/sites/default/files/2024-12/CASPS.csv
cmufva7fk00a4nhpf5uoi0aij,2026-09-24,2026-06-30,ESMA_MICA,EU,added,BCASH SOCIETE ANONYME,https://takame.io/en/changes/cmufva7fk00a4nhpf5uoi0aij,https://www.esma.europa.eu/sites/default/files/2024-12/CASPS.csv
cmufva7fh00a3nhpfmnbftrqe,2026-09-24,2028-09-11,ESMA_MICA,EU,added,REGULAR FINANCE SAS,https://takame.io/en/changes/cmufva7fh00a3nhpfmnbftrqe,https://www.esma.europa.eu/sites/default/files/2024-12/CASPS.csv
cmufva7fe00a2nhpf49fbns7d,2026-09-24,2026-10-12,ESMA_MICA,EU,added,Münchner Bank eG,https://takame.io/en/changes/cmufva7fe00a2nhpf49fbns7d,https://www.esma.europa.eu/sites/default/files/2024-12/CASPS.csv
cmufva7fc00a1nhpfda0barp6,2026-09-24,2026-10-12,ESMA_MICA,EU,added,Raiffeisenbank im Oberland eG,https://takame.io/en/changes/cmufva7fc00a1nhpfda0barp6,https://www.esma.europa.eu/sites/default/files/2024-12/CASPS.csv
cmufva7fa00a0nhpfb7629slk,2026-09-24,2026-09-29,ESMA_MICA,EU,added,Wiesbadener Volksbank eG,https://takame.io/en/changes/cmufva7fa00a0nhpfb7629slk,https://www.esma.europa.eu/sites/default/files/2024-12/CASPS.csv
cmufva7f3009znhpfj7y4f5q7,2026-09-24,2026-09-17,ESMA_MICA,EU,added,Volksbank Göppingen eG,https://takame.io/en/changes/cmufva7f3009znhpfj7y4f5q7,https://www.esma.europa.eu/sites/default/files/2024-12/CASPS.csv
cmucitm0800nsvgpf7m23ix15,2026-09-22,2026-09-11,AMF_FR,FR,added,REGULAR FINANCE SAS,https://takame.io/en/changes/cmucitm0800nsvgpf7m23ix15,https://www.data.gouv.fr/datasets/liste-blanche-des-prestataires-de-services-sur-actifs-numeriques-psan
