registry,jurisdiction,entity_name,reference_id,register_status,effective_date,services,website_domains,source_url
FSA_JP_WARNING,JP,"AMANPURI Co.,Ltd",令和２年６月,UNREGISTERED_WARNING,2020-06-01,インターネットを通じて、日本居住者を相手方として、暗号資産交換業を行っていたもの | インターネット上で暗号資産取引を行っている「AMANPURI」を運営している。 また、所在地について「マルタ共和国」とする資料も確認されている。,,https://www.fsa.go.jp/policy/virtual_currency/index.html
FSA_JP_WARNING,JP,Binance,平成30年3月,UNREGISTERED_WARNING,2018-03-01,インターネットを通じて、日本居住者を相手方として、仮想通貨交換業を行っていたもの,,https://www.fsa.go.jp/policy/virtual_currency/index.html
FSA_JP_WARNING,JP,Binance Holdings Limited,令和３年６月,UNREGISTERED_WARNING,2021-06-01,インターネットを通じて、日本居住者を相手方として、暗号資産交換業を行っていたもの | インターネット上で暗号資産取引を行っている「Binance」等を運営している。,,https://www.fsa.go.jp/policy/virtual_currency/index.html
FSA_JP_WARNING,JP,bitcastle LLC,令和６年11月,UNREGISTERED_WARNING,2024-11-01,インターネットを通じて、日本居住者を相手方として、暗号資産交換業を行っていたもの | インターネット上で暗号資産取引を行っている「bitcastle」等を運営している。,,https://www.fsa.go.jp/policy/virtual_currency/index.html
FSA_JP_WARNING,JP,Bitforex Limited,令和５年３月,UNREGISTERED_WARNING,2023-03-01,インターネットを通じて、日本居住者を相手方として、暗号資産交換業を行っていたもの | インターネット上で暗号資産取引を行っている「BitForex」等を運営している。,,https://www.fsa.go.jp/policy/virtual_currency/index.html
FSA_JP_WARNING,JP,Bitforex Limited,令和２年６月,UNREGISTERED_WARNING,2020-06-01,インターネットを通じて、日本居住者を相手方として、暗号資産交換業を行っていたもの | インターネット上で暗号資産取引を行っている「BitForex」を運営している。 また、所在地について「香港」「シンガポール」とする資料も確認されている。,,https://www.fsa.go.jp/policy/virtual_currency/index.html
FSA_JP_WARNING,JP,Bitget Limited,令和６年11月,UNREGISTERED_WARNING,2024-11-01,インターネットを通じて、日本居住者を相手方として、暗号資産交換業を行っていたもの | インターネット上で暗号資産取引を行っている「Bitget」等を運営している。,,https://www.fsa.go.jp/policy/virtual_currency/index.html
FSA_JP_WARNING,JP,Bitget Limited,令和５年３月,UNREGISTERED_WARNING,2023-03-01,インターネットを通じて、日本居住者を相手方として、暗号資産交換業を行っていたもの | インターネット上で暗号資産取引を行っている「Bitget」等を運営している。,,https://www.fsa.go.jp/policy/virtual_currency/index.html
FSA_JP_WARNING,JP,Blockchain Laboratory Limited,平成30年2月,UNREGISTERED_WARNING,2018-02-01,"インターネットを通じて、日本居住者を相手方として仮想通貨の売買の媒介を行っていたもの | 登記簿上の業者名等は「BLOCKCHAIN LABO TECHNOLOGY DEVELOPMENT LIMITED」、｢所在地又は住所｣は「Av.Do Infante D. Henrique,n゜s 47-53,The Macau Square,13 th Floor,Room A, em Macau」との情報あり。 仮想通貨に関するセミナーを各地で開催。 なお、当該業者は、金融商品取引法における登録を受けずに、インターネットを通じて、ファンドの募集若しくは私募又はその取扱いを行っていたとして、関東財務局より警告を受けている。",,https://www.fsa.go.jp/policy/virtual_currency/index.html
FSA_JP_WARNING,JP,BtcNext Company Limited,令和元年12月,UNREGISTERED_WARNING,2019-12-01,インターネットを通じて、日本居住者を相手方として、仮想通貨交換業を行っていたもの,,https://www.fsa.go.jp/policy/virtual_currency/index.html
FSA_JP_WARNING,JP,Bybit Fintech Limited,令和６年11月,UNREGISTERED_WARNING,2024-11-01,インターネットを通じて、日本居住者を相手方として、暗号資産交換業を行っていたもの | インターネット上で暗号資産取引を行っている「Bybit」等を運営している。,,https://www.fsa.go.jp/policy/virtual_currency/index.html
FSA_JP_WARNING,JP,Bybit Fintech Limited,令和５年３月,UNREGISTERED_WARNING,2023-03-01,インターネットを通じて、日本居住者を相手方として、暗号資産交換業を行っていたもの | インターネット上で暗号資産取引を行っている「Bybit」等を運営している。,,https://www.fsa.go.jp/policy/virtual_currency/index.html
FSA_JP_WARNING,JP,Bybit Fintech Limited,令和３年５月,UNREGISTERED_WARNING,2021-05-01,インターネットを通じて、日本居住者を相手方として、暗号資産交換業を行っていたもの | インターネット上で暗号資産取引を行っている「Bybit」を運営している。,,https://www.fsa.go.jp/policy/virtual_currency/index.html
FSA_JP_WARNING,JP,CBASE FINTECH LAB LLC,令和２年１月,UNREGISTERED_WARNING,2020-01-01,インターネットを通じて、日本居住者を相手方として、仮想通貨交換業を行っていたもの | インターネット上で仮想通貨取引を行っている「CROSS exchange」を運営している。,,https://www.fsa.go.jp/policy/virtual_currency/index.html
FSA_JP_WARNING,JP,Cielo EX Limited,令和元年6月,UNREGISTERED_WARNING,2019-06-01,インターネットを通じて、日本居住者を相手方として、以下の仮想通貨の売買の媒介等の仮想通貨交換業を行っていたもの ・ASOBI COIN（アソビコイン、ABX） ・Bitcoin（ビットコイン、BTC）等,,https://www.fsa.go.jp/policy/virtual_currency/index.html
FSA_JP_WARNING,JP,Izakaya Limited,令和８年９月,UNREGISTERED_WARNING,2026-09-01,インターネットを通じて、日本居住者を相手方として、暗号資産交換業を行っていたもの | インターネット上で暗号資産取引を行っている「IZAKA-YA」を運営している。,,https://www.fsa.go.jp/policy/virtual_currency/index.html
FSA_JP_WARNING,JP,KuCoin,令和６年11月,UNREGISTERED_WARNING,2024-11-01,インターネットを通じて、日本居住者を相手方として、暗号資産交換業を行っていたもの | インターネット上で暗号資産取引を行っている「KuCoin」等を運営している。,,https://www.fsa.go.jp/policy/virtual_currency/index.html
FSA_JP_WARNING,JP,LBank Exchange,令和６年６月,UNREGISTERED_WARNING,2024-06-01,インターネットを通じて、日本居住者を相手方として、暗号資産交換業を行っていたもの | インターネット上で暗号資産取引（BTC・ETH・WFCA等）を行っている「LBANK」を運営している。,,https://www.fsa.go.jp/policy/virtual_currency/index.html
FSA_JP_WARNING,JP,MEXC Global,令和６年11月,UNREGISTERED_WARNING,2024-11-01,インターネットを通じて、日本居住者を相手方として、暗号資産交換業を行っていたもの | インターネット上で暗号資産取引を行っている「MEXC」等を運営している。,,https://www.fsa.go.jp/policy/virtual_currency/index.html
FSA_JP_WARNING,JP,MEXC Global,令和５年３月,UNREGISTERED_WARNING,2023-03-01,インターネットを通じて、日本居住者を相手方として、暗号資産交換業を行っていたもの | インターネット上で暗号資産取引を行っている「MEXC」等を運営している。,,https://www.fsa.go.jp/policy/virtual_currency/index.html
FSA_JP_WARNING,JP,SB101,平成31年2月,UNREGISTERED_WARNING,2019-02-01,インターネットを通じて、日本居住者を相手方として、Atomic Coin（アトミックコイン）の売買の媒介等の仮想通貨交換業を行っていたもの,,https://www.fsa.go.jp/policy/virtual_currency/index.html
FSA_JP_WARNING,JP,VANLANCLE,令和４年２月,UNREGISTERED_WARNING,2022-02-01,インターネットを通じて、日本居住者を相手方として、暗号資産交換業を行っていたもの | インターネット上で暗号資産取引を行っている「VANLANCLE」等を運営している。,,https://www.fsa.go.jp/policy/virtual_currency/index.html
FSA_JP_WARNING,JP,クリプトカレンシーワールドワイド株式会社,令和５年４月,UNREGISTERED_WARNING,2023-04-01,オンラインセミナー等を通じて、暗号資産交換業を行っていたもの。 | 当該業者から当時上場予定の暗号資産「ジャスミー」を購入したとの情報が寄せられている。,,https://www.fsa.go.jp/policy/virtual_currency/index.html
FSA_JP_WARNING,JP,株式会社ブリッジインベストメント,令和５年４月,UNREGISTERED_WARNING,2023-04-01,オンラインセミナー等を通じて、暗号資産交換業を行っていたもの。 | 当該業者から当時上場予定の暗号資産「ジャスミー」を購入したとの情報が寄せられている。,,https://www.fsa.go.jp/policy/virtual_currency/index.html
